<?xml version="1.0" encoding="UTF-8"?>
<project-private xmlns="http://www.netbeans.org/ns/project-private/1">
    <editor-bookmarks xmlns="http://www.netbeans.org/ns/editor-bookmarks/2" lastBookmarkId="0"/>
    <open-files xmlns="http://www.netbeans.org/ns/projectui-open-files/2">
        <group>
            <file>file:/C:/Users/enach/Documents/NetBeansProjects/RentCarSystemManagement/src/rentcarsystemmanagement/LoginPage.java</file>
            <file>file:/C:/Users/enach/Documents/NetBeansProjects/RentCarSystemManagement/src/rentcarsystemmanagement/Inchirieri.java</file>
            <file>file:/C:/Users/enach/Documents/NetBeansProjects/RentCarSystemManagement/src/rentcarsystemmanagement/Clienti.java</file>
            <file>file:/C:/Users/enach/Documents/NetBeansProjects/RentCarSystemManagement/src/rentcarsystemmanagement/Returnari.java</file>
            <file>file:/C:/Users/enach/Documents/NetBeansProjects/RentCarSystemManagement/src/rentcarsystemmanagement/BazaDeDate.java</file>
            <file>file:/C:/Users/enach/Documents/NetBeansProjects/RentCarSystemManagement/src/rentcarsystemmanagement/SplashArt.java</file>
            <file>file:/C:/Users/enach/Documents/NetBeansProjects/RentCarSystemManagement/src/rentcarsystemmanagement/Masini.java</file>
        </group>
    </open-files>
</project-private>
